lcm_type,members_reached,members_not_reached,members_declared,pct_reached
ILexEntry,23,48,71,32.4
ILexSense,25,31,56,44.6
IScrBook,4,35,39,10.3
ICmObject,11,25,36,30.6
IRnGenericRec,15,20,35,42.9
IScrSection,2,30,32,6.2
ICmPossibility,9,22,31,29.0
IMoMorphSynAnalysis,1,25,26,3.8
ISegment,8,16,24,33.3
IStTxtPara,2,22,24,8.3
ITsString,3,21,24,12.5
IWfiAnalysis,4,19,23,17.4
IStText,1,20,21,4.8
ICmPossibilityList,1,19,20,5.0
IPartOfSpeech,5,15,20,25.0
IWfiWordform,7,13,20,35.0
ILexEntryRef,7,12,19,36.8
IMultiAccessorBase,1,17,18,5.6
ICmPicture,2,15,17,11.8
IFsFeatStruc,1,14,15,6.7
IScrScriptureNote,2,12,14,14.3
ILgWritingSystem,1,12,13,7.7
IMoForm,3,10,13,23.1
ICmAnnotationDefn,2,10,12,16.7
ICmBaseAnnotation,1,10,11,9.1
ILexReference,3,8,11,27.3
IReversalIndexEntry,3,8,11,27.3
IFsFeatureSystem,1,9,10,10.0
ICmAnnotation,5,4,9,55.6
ICmPerson,5,4,9,55.6
IFsFeatDefn,1,8,9,11.1
ILexEtymology,6,3,9,66.7
ICmAgent,3,5,8,37.5
IConstChartRow,3,5,8,37.5
ILexPronunciation,3,5,8,37.5
IPhSegmentRule,5,3,8,62.5
IScrDraft,2,6,8,25.0
IText,6,2,8,75.0
ICmMajorObject,4,3,7,57.1
IMoInflClass,3,4,7,42.9
IPhEnvironment,5,2,7,71.4
ITsTextProps,1,6,7,14.3
IWfiMorphBundle,5,2,7,71.4
ICmFile,2,4,6,33.3
IConstChartWordGroup,2,4,6,33.3
ILexExampleSentence,4,2,6,66.7
IReversalIndex,2,4,6,33.3
IScrBookAnnotations,1,5,6,16.7
ICmSemanticDomain,2,3,5,40.0
IMoInflAffixSlot,2,3,5,40.0
ICmTranslation,2,2,4,50.0
IFsClosedFeature,1,3,4,25.0
IFsFeatureSpecification,1,3,4,25.0
ILexRefType,3,1,4,75.0
ITsMultiString,2,2,4,50.0
IWfiGloss,1,3,4,25.0
ICmDomainQ,1,2,3,33.3
IConstChartMovedTextMarker,2,1,3,66.7
IConstituentChartCellPart,1,2,3,33.3
IPhNaturalClass,3,0,3,100.0
IPhTerminalUnit,3,0,3,100.0
IStPara,1,2,3,33.3
ICmAgentEvaluation,2,0,2,100.0
ICmMediaContainer,1,1,2,50.0
IConstChartClauseMarker,1,1,2,50.0
IDsConstChart,1,1,2,50.0
IPhPhoneme,2,0,2,100.0
IRnRoledPartic,1,1,2,50.0
ICmMediaURI,1,0,1,100.0
IDsChart,1,0,1,100.0
IPhCode,1,0,1,100.0
